2D,Science
2S,Technology
2Y,Research
10A,Engineering
10Z,Arts
24B,Math
35,Science
35A,Technology
39A,Research
39Z,Engineering
40B,Arts
45,Math
46C,Science
56C,Technology
60R,Research
62,Engineering
64C,Arts
66A,Math
69,Science
78A,Technology
81Y,Research
82B,Engineering
93A,Arts
109A,Math
114T,Science
127A,Technology
127C,Research
134D,Engineering
134E,Arts
134J,Math
136S,Science
169A,Technology
169E,Research
169X,Engineering
169Y,Arts
177V,Math
180,Science
183Z,Technology
185A,Research
200D,Engineering
211C,Arts
211W,Math
211Z,Science
224X,Technology
241A,Research
244A,Engineering
248D,Arts
248E,Math
270Z,Science
278H,Technology
288A,Research
288E,Engineering
288G,Arts
315,Math
315A,Science
315G,Technology
315J,Research
315X,Engineering
315Z,Arts
317X,Math
321A,Science
321H,Technology
323G,Research
323Y,Engineering
333U,Arts
333X,Math
343X,Science
355E,Technology
355S,Research
359A,Engineering
365X,Arts
400D,Math
400R,Science
400S,Technology
400U,Research
400W,Engineering
400X,Arts
404,Math
405,Science
464Z,Technology
491,Research
536C,Engineering
550G,Arts
550Z,Math
563,Science
563X,Technology
569C,Research
569D,Engineering
574A,Arts
590V,Math
599B,Science
624C,Technology
643Z,Research
666,Engineering
666X,Arts
675C,Math
675E,Science
687A,Technology
709S,Research
739A,Engineering
766A,Arts
824C,Math
899B,Science
901B,Technology
929U,Research
934Z,Engineering
951A,Arts
986B,Math
986D,Science
1008M,Technology
1010R,Research
1010X,Engineering
1010Z,Arts
1028A,Math
1028B,Science
1028S,Technology
1032A,Research
1034A,Engineering
1045A,Arts
1045B,Math
1104G,Science
1104M,Technology
1104S,Research
1114Y,Engineering
1119,Arts
1138B,Math
1181A,Science
1181C,Technology
1200C,Research
1200F,Engineering
1253,Arts
1264B,Math
1267C,Science
1267E,Technology
1309A,Research
1320A,Engineering
1320C,Arts
1320E,Math
1344A,Science
1353B,Technology
1356B,Research
1356C,Engineering
1356X,Arts
1404B,Math
1410L,Science
1437Z,Technology
1460A,Research
1460K,Engineering
1483B,Arts
1492X,Math
1492Z,Science
1509E,Technology
1509Z,Research
1563A,Engineering
1575B,Arts
1575D,Math
1575X,Science
1588B,Technology
1596B,Research
1666,Engineering
1670A,Arts
1727G,Math
1790B,Science
1815D,Technology
1826A,Research
1859X,Engineering
1879A,Arts
1879B,Math
1893D,Science
1900R,Technology
1900W,Research
1900X,Engineering
1905B,Arts
1961A,Math
1961B,Science
1961D,Technology
1961E,Research
1965A,Engineering
1970K,Arts
1973A,Math
2011A,Science
2011B,Technology
2011C,Research
2011D,Engineering
2011E,Arts
2019F,Math
2030B,Science
2114X,Technology
2114Z,Research
2131E,Engineering
2131F,Arts
2131W,Math
2131X,Science
2142B,Technology
2188A,Research
2223G,Engineering
2235A,Arts
2250E,Math
2250G,Science
2323B,Technology
2349A,Research
2349C,Engineering
2350A,Arts
2382A,Math
2435B,Science
2442A,Technology
2442C,Research
2442E,Engineering
2460A,Arts
2496R,Math
2496X,Science
2527A,Technology
2567X,Research
2587K,Engineering
2602C,Arts
2616D,Math
2616G,Science
2616H,Technology
2719B,Research
2719D,Engineering
2775A,Arts
2777G,Math
2845B,Science
2886A,Technology
2886B,Research
2904C,Engineering
2915A,Arts
2918E,Math
2918F,Science
2919A,Technology
2979B,Research
2990C,Engineering
3007,Arts
3018,Math
3050A,Science
3050B,Technology
3116A,Research
3116C,Engineering
3117,Arts
3118B,Math
3211H,Science
3248A,Technology
3249A,Research
3260A,Engineering
3388B,Arts
3388T,Math
3495F,Science
3526A,Technology
3674R,Research
3701A,Engineering
3767X,Arts
3815A,Math
3815M,Science
3818A,Technology
3946C,Research
3946E,Engineering
3946W,Arts
3987X,Math
4004A,Science
4004C,Technology
4100A,Research
4100B,Engineering
4104A,Arts
4112A,Math
4142A,Science
4142B,Technology
4142C,Research
4148A,Engineering
4154A,Arts
4253J,Math
4303C,Science
4305A,Technology
4306E,Research
4318B,Engineering
4364E,Arts
4405C,Math
4411W,Science
4478A,Technology
4478X,Research
4610Z,Engineering
4659B,Arts
4716D,Math
4777D,Science
4805X,Technology
4815A,Research
4828B,Engineering
4828E,Arts
4911A,Math
4941A,Science
5062A,Technology
5090A,Research
5139C,Engineering
5150D,Arts
5150G,Math
5150H,Science
5150J,Technology
5194E,Research
5203T,Engineering
5221D,Arts
5225A,Math
5225B,Science
5245A,Technology
5327B,Research
5327C,Engineering
5327W,Arts
5509A,Math
5588C,Science
5588E,Technology
5638A,Research
5686A,Engineering
5689A,Arts
5691B,Math
5691W,Science
5691X,Technology
5735B,Research
5776,Engineering
5776T,Arts
5801B,Math
5805C,Science
5813B,Technology
5839A,Research
5839E,Engineering
5868B,Arts
5956A,Math
5956B,Science
5956C,Technology
6007,Research
6008D,Engineering
6008Z,Arts
6023S,Math
6030,Science
6042A,Technology
6090A,Research
6106A,Engineering
6109C,Arts
6135F,Math
6135H,Science
6135K,Technology
6135W,Research
6194A,Engineering
6210X,Arts
6274B,Math
6277A,Science
6302Y,Technology
6358A,Research
6358C,Engineering
6403A,Arts
6430,Math
6430B,Science
6430V,Technology
6526D,Research
6526E,Engineering
6526F,Arts
6596,Math
6603H,Science
6627B,Technology
6645,Research
6685R,Engineering
6715B,Arts
6740A,Math
6740B,Science
6815V,Technology
6815Z,Research
6822B,Engineering
6834Z,Arts
6916C,Math
6978A,Science
6980B,Technology
7110A,Research
7110W,Engineering
7110Z,Arts
7121,Math
7135C,Science
7139B,Technology
7201N,Research
7221R,Engineering
7221S,Arts
7221T,Math
7232A,Science
7232X,Technology
7238B,Research
7258A,Engineering
7323A,Arts
7368W,Math
7386A,Science
7405M,Technology
7447A,Research
7447D,Engineering
7479,Arts
7536A,Math
7536B,Science
7536D,Technology
7580A,Research
7682E,Engineering
7686,Arts
7700R,Math
7700S,Science
7842D,Technology
7853A,Research
7853D,Engineering
7856A,Arts
7862C,Math
7862S,Science
7862X,Technology
7884A,Research
7925A,Engineering
8000A,Arts
8000B,Math
8000C,Science
8000H,Technology
8000X,Research
8000Z,Engineering
8031D,Arts
8031E,Math
8059A,Science
8059B,Technology
8059D,Research
8059F,Engineering
8059X,Arts
8059Z,Math
8086A,Science
8086X,Technology
8110B,Research
8110C,Engineering
8110R,Arts
8110Z,Math
8114C,Science
8192D,Technology
8229A,Research
8261A,Engineering
8283A,Arts
8301D,Math
8304H,Science
8304P,Technology
8387A,Research
8451A,Engineering
8452A,Arts
8555F,Math
8555G,Science
8568F,Technology
8591J,Research
8639C,Engineering
8655V,Arts
8675A,Math
8691E,Science
8757D,Technology
8787,Research
8787D,Engineering
8800,Arts
8825S,Math
8828B,Science
8832A,Technology
8876E,Research
8892B,Engineering
8926,Arts
8926B,Math
8931A,Science
8931G,Technology
9020A,Research
9031C,Engineering
9056A,Arts
9060A,Math
9064A,Science
9065C,Technology
9065P,Research
9080H,Engineering
9090A,Arts
9090C,Math
9150B,Science
9185A,Technology
9225A,Research
9225B,Engineering
9225C,Arts
9280A,Math
9282A,Science
9343A,Technology
9364,Research
9364C,Engineering
9409A,Arts
9421X,Math
9447A,Science
9457B,Technology
9498A,Research
9545B,Engineering
9553E,Arts
9580A,Math
9605A,Science
9623A,Technology
9727A,Research
9727B,Engineering
9784B,Arts
9784C,Math
9920A,Science
9922C,Technology
9932E,Research
9932F,Engineering
9973A,Arts
10101F,Math
10101R,Science
10300,Technology
13412W,Research
14852A,Engineering
16666A,Arts
16666B,Math
16666E,Science
22000A,Technology
22699A,Research
25000K,Engineering
25567,Arts
29601R,Math
32017A,Science
33011X,Technology
34000Z,Research
35598A,Engineering
35960A,Arts
37073A,Math
37830F,Science
46304E,Technology
46304F,Research
46304G,Engineering
46304M,Arts
46304W,Math
47243A,Science
47243B,Technology
50000,Research
51140B,Engineering
53437A,Arts
54949A,Math
55466A,Science
56777A,Technology
58270A,Research
59990Z,Engineering
70381B,Arts
76435B,Math
81960B,Science
84025A,Technology
86868,Research
88634D,Engineering
88666D,Arts
88666X,Math
88809A,Science
93063A,Technology
96671B,Research
97140,Engineering
97166,Arts
97673R,Math
97871A,Science
97887A,Technology
97917A,Research
97934V,Engineering
98319A,Arts
98472B,Math
98536A,Science
98583A,Technology
98725B,Research
98807C,Engineering
98871A,Arts
98898,Math
99000B,Science
99371A,Technology
99451C,Research
99484,Engineering
99484B,Arts
99588A,Math
99679P,Science
99691A,Technology
56E,Spirit
60Z,Opportunity
80J,Spirit
80S,Opportunity
103D,Spirit
169D,Opportunity
183A,Spirit
279A,Opportunity
315Y,Spirit
394,Opportunity
394B,Spirit
400A,Opportunity
409A,Spirit
457B,Opportunity
549C,Spirit
578C,Opportunity
815J,Spirit
918C,Opportunity
952B,Spirit
974Z,Opportunity
985C,Spirit
1028H,Opportunity
1028J,Spirit
1028X,Opportunity
1231A,Spirit
1231D,Opportunity
1231E,Spirit
1338B,Opportunity
1375A,Spirit
1375B,Opportunity
1481B,Spirit
1535Y,Opportunity
1737K,Spirit
1981F,Opportunity
2031,Spirit
2148C,Opportunity
2177H,Spirit
2235B,Opportunity
2451A,Spirit
2533B,Opportunity
2831X,Spirit
2990G,Opportunity
3075B,Spirit
3211X,Opportunity
3547C,Spirit
3841C,Opportunity
3898A,Spirit
4004Y,Opportunity
4057A,Spirit
4318K,Opportunity
4431B,Spirit
4501A,Opportunity
4610J,Spirit
4768C,Opportunity
4810A,Spirit
4810B,Opportunity
4813E,Spirit
4815C,Opportunity
4886B,Spirit
4951H,Opportunity
5297B,Spirit
5433B,Opportunity
5509B,Spirit
5517A,Opportunity
6105C,Spirit
6142X,Opportunity
6250E,Spirit
6318A,Opportunity
6364A,Spirit
6364E,Opportunity
6380Y,Spirit
6380Z,Opportunity
6390D,Spirit
6446B,Opportunity
6724M,Spirit
6751A,Opportunity
6751D,Spirit
6842Z,Opportunity
6844D,Spirit
6986E,Opportunity
7035M,Spirit
7177A,Opportunity
7177Z,Spirit
7233B,Opportunity
7268A,Spirit
7268X,Opportunity
7404B,Spirit
7409S,Opportunity
7449B,Spirit
7756A,Opportunity
7846A,Spirit
7995A,Opportunity
8000E,Spirit
8000F,Opportunity
8025B,Spirit
8044B,Opportunity
8065A,Spirit
8065U,Opportunity
8066A,Spirit
8066B,Opportunity
8066C,Spirit
8066X,Opportunity
8068D,Spirit
8068G,Opportunity
8068X,Spirit
8192A,Opportunity
8192B,Spirit
8193A,Opportunity
8193D,Spirit
8314,Opportunity
8337A,Spirit
8388,Opportunity
8452C,Spirit
8736A,Opportunity
8739E,Spirit
8739F,Opportunity
8825A,Spirit
8838B,Opportunity
8860D,Spirit
8878D,Opportunity
9064C,Spirit
9078X,Opportunity
9290B,Spirit
9290D,Opportunity
9296B,Spirit
9364B,Opportunity
9365A,Spirit
9388A,Opportunity
9393A,Spirit
9393B,Opportunity
9698B,Spirit
9791C,Opportunity
9791H,Spirit
10001P,Opportunity
10099J,Spirit
12180B,Opportunity
16004A,Spirit
21246E,Opportunity
21246G,Spirit
23310B,Opportunity
31415P,Spirit
32160A,Opportunity
42000B,Spirit
42000C,Opportunity
45161A,Spirit
53229A,Opportunity
53578A,Spirit
56334A,Opportunity
59360A,Spirit
68888C,Opportunity
76435A,Spirit
76635A,Opportunity
77240A,Spirit
86826B,Opportunity
93535F,Spirit
97056A,Opportunity
97830A,Spirit
99158F,Opportunity
99220T,Spirit
99561D,Opportunity
ALBA,Design
AURA,Innovate
BLRZ,Design
BNS,Innovate
BNS2,Design
BUFF,Innovate
CMAA,Design
CSM,Innovate
CSUNB,Design
Disco1,Innovate
EFR,Design
ETAS,Innovate
IFR,Design
ITCV,Innovate
ITCV2,Design
ITP1,Innovate
ITSM3,Design
ITSM4,Innovate
MASON1,Design
MCCC,Innovate
MINES,Design
MMU5,Innovate
NYIT,Design
PRAR1,Innovate
PUJ3,Design
PVME1,Innovate
PVME3,Design
REKT1,Innovate
RUSK,Design
SCAU1,Innovate
SENA1,Design
SNNU2,Innovate
TDUR3,Design
TMAT1,Innovate
TMAT6,Design
TSM4,Innovate
UCSA,Design
UHRC0,Innovate
UKAS,Design
UPQR1,Innovate
UPTP1,Design
UTCV1,Innovate
UTEZ1,Design
UTEZ2,Innovate
UTEZ3,Design
UTEZ4,Innovate
UTGZ1,Design
UTGZ2,Innovate
UTGZ3,Design
UTNA1,Innovate
UTNA3,Design
UTXJ2,Innovate
UWM,Design
VCAT2,Innovate
VEDR1,Design
VEXLB2,Innovate
VEXLB3,Design
VEXLB6,Innovate
WPI0,Design
WPI1,Innovate
XJTU4,Design
XJTU5,Innovate